{
  "alias" : "grass",
  "partname" : "grass",
  "color" : [0.0, 0.6, 0.1, 1.0],
  "vertices" : [-50.0,-10.0,50.0,50.0,-10.0,50.0,-50.0,-10.0,-50.0,50.0,-10.0,-50.0],
  "indices" : [1,2,0,1,3,2],
  "Ns" : 0.00000,
  "Ka" : [0.00000,0.00000,0.00000],
  "Kd" : [0.80000,0.80000,0.80000],
  "Ks" : [0.80000,0.80000,0.80000],
  "d" : 1.00000,
  "illum" : 2
}