{
  "alias" : "grass",
  "vertices" : [-6.870212,-1.77904,7.516949,7.080178,-1.77904,7.516949,-6.870212,-1.77904,-6.433441,7.080178,-1.77904,-6.433441],
  "indices" : [1,2,0,1,3,2],
  "Ns" : 0.00000,
  "Ka" : [0.00000,0.00000,0.00000],
  "Kd" : [0.80000,0.80000,0.80000],
  "Ks" : [0.80000,0.80000,0.80000],
  "d" : 1.00000,
  "illum" : 2
}