{
  "alias" : "bumblebee",
  "partname" : "right-wing",
  "color" : [0.7, 0.7, 1.0, 1.0],
  "vertices" : [0.996006,5.02955,-0.718885,0.382953,2.931881,-0.75,0.930046,5.057559,0.735071,0.382953,2.931881,0.75,1.001384,5.456698,0.0,0.692168,3.998221,-0.631568,0.382953,2.931881,-0.0,0.692168,3.998221,0.673786,0.692168,3.998221,0.0,1.001384,5.363333,-0.375,0.53756,3.465051,-0.75,0.382953,2.931881,0.375,0.846776,4.531392,0.75,1.001384,5.363333,0.375,0.846776,4.531392,-0.75,0.382953,2.931881,-0.375,0.537561,3.465051,0.75,0.692168,3.998221,0.375,0.692168,3.998221,-0.375,0.846776,4.531392,0.0,0.537561,3.465051,-0.0,0.53756,3.465051,-0.375,0.846776,4.531392,-0.375,0.846776,4.531392,0.375,0.537561,3.465051,0.375],
  "indices" : [11,16,24,23,7,12,18,19,22,15,20,21,21,8,18,5,21,18,1,21,10,9,19,4,0,22,9,5,22,14,23,2,13,19,13,4,8,23,19,24,7,17,20,17,8,6,24,20,11,3,16,23,17,7,18,8,19,15,6,20,21,20,8,5,10,21,1,15,21,9,22,19,0,14,22,5,18,22,23,12,2,19,23,13,8,17,23,24,16,7,20,24,17,6,11,24],
  "Ns" : 0.00000,
  "Ka" : [0.00000,0.00000,0.00000],
  "Kd" : [0.80000,0.80000,0.80000],
  "Ks" : [0.80000,0.80000,0.80000],
  "d" : 1.00000,
  "illum" : 2
}