{
  "alias" : "bumblebee",
  "partname" : "sting",
  "color" : [0.0, 0.0, 0.0, 1.0],
  "vertices" : [0.0,0.75,2.965802,0.146318,0.735589,2.965802,0.287013,0.69291,2.965802,0.416678,0.623602,2.965802,0.53033,0.53033,2.965802,0.623602,0.416678,2.965802,0.69291,0.287013,2.965802,0.735589,0.146318,2.965802,0.75,0.0,2.965802,0.735589,-0.146318,2.965802,0.69291,-0.287012,2.965802,0.623602,-0.416678,2.965802,0.53033,-0.53033,2.965802,0.416678,-0.623602,2.965802,0.287012,-0.69291,2.965802,0.146318,-0.735589,2.965802,-0.0,-0.75,2.965802,-0.146318,-0.735589,2.965802,-0.287013,-0.692909,2.965802,-0.416678,-0.623602,2.965802,-0.53033,-0.53033,2.965802,-0.623603,-0.416677,2.965802,-0.69291,-0.287012,2.965802,0.0,-0.0,4.965802,-0.735589,-0.146317,2.965802,-0.75,1e-06,2.965802,-0.735589,0.146319,2.965802,-0.692909,0.287013,2.965802,-0.623602,0.416678,2.965802,-0.530329,0.530331,2.965802,-0.416677,0.623603,2.965802,-0.287012,0.69291,2.965802,-0.146317,0.735589,2.965802],
  "indices" : [0,23,1,1,23,2,2,23,3,3,23,4,4,23,5,5,23,6,6,23,7,7,23,8,8,23,9,9,23,10,10,23,11,11,23,12,12,23,13,13,23,14,14,23,15,15,23,16,16,23,17,17,23,18,18,23,19,19,23,20,20,23,21,21,23,22,22,23,24,24,23,25,25,23,26,26,23,27,27,23,28,28,23,29,29,23,30,30,23,31,31,23,32,32,23,0,15,24,32,32,0,1,1,2,32,2,3,32,3,4,7,4,5,7,5,6,7,7,8,9,9,10,7,10,11,7,11,12,15,12,13,15,13,14,15,15,16,17,17,18,15,18,19,15,19,20,21,21,22,24,24,25,26,26,27,28,28,29,30,30,31,32,19,21,24,24,26,28,28,30,32,32,3,7,7,11,15,15,19,24,24,28,32,32,7,15],
  "Ns" : 0.00000,
  "Ka" : [0.00000,0.00000,0.00000],
  "Kd" : [0.80000,0.80000,0.80000],
  "Ks" : [0.80000,0.80000,0.80000],
  "d" : 1.00000,
  "illum" : 2
}